{
  "Q-Learning": {
    "avg_reward_last_1000": -443.721,
    "runtime_seconds": 1.5713341236114502
  },
  "SARSA": {
    "avg_reward_last_1000": -453.925,
    "runtime_seconds": 0.9905097484588623
  },
  "Monte Carlo": {
    "avg_reward_last_1000": -430.459,
    "runtime_seconds": 6.100589752197266
  },
  "Optimal (VI)": {
    "avg_reward_last_1000": -378.918,
    "runtime_seconds": 0.2736039161682129
  },
  "Static (Baseline)": {
    "avg_reward_last_1000": -456.238,
    "runtime_seconds": 0.231795072555542
  },
  "Greedy (Heuristic)": {
    "avg_reward_last_1000": -394.838,
    "runtime_seconds": 0.256026029586792
  }
}